reward,volatility,turbulence
1.0,-0.017661217401315675,0.11669999654719217
-0.017661217401315675,1.0,0.11630895842381893
0.11669999654719217,0.11630895842381893,1.0
